{
    "ATL": {
        "BOS": 0.2440681428841595,
        "CLT": 0.1763718264914905,
        "DEN": 0.2840644687162891,
        "DFW": 0.1812342749886643,
        "DTW": 0.2337483726123518,
        "EWR": 0.1971769121605345,
        "IAD": 0.1450869070493166,
        "JFK": 0.2287455527790691,
        "LAX": 0.3418960009700192,
        "LGA": 0.1983835727488292,
        "MIA": 0.2181360602605387,
        "OAK": 0.4976261487748463,
        "ORD": 0.2393146910001916,
        "PHL": 0.209320661167545,
        "SFO": 0.4051941167321192
    },
    "BOS": {
        "ATL": 0.2505915674624991,
        "CLT": 0.2165504476163493,
        "DEN": 0.3483038936688973,
        "DFW": 0.3042229945386198,
        "DTW": 0.2549633587603147,
        "EWR": 0.1590280992575104,
        "IAD": 0.2202437516271804,
        "JFK": 0.0912767182752647,
        "LAX": 0.3885254556286728,
        "LGA": 0.1275624278788192,
        "MIA": 0.2704726987225637,
        "OAK": 0.5449044469479793,
        "ORD": 0.1984570099091971,
        "PHL": 0.1743785433415478,
        "SFO": 0.406416939712128
    },
    "CLT": {
        "ATL": 0.1792174493828796,
        "BOS": 0.1953081984747023,
        "DEN": 0.2904901364762827,
        "DFW": 0.2632566370514882,
        "DTW": 0.2302688420731493,
        "EWR": 0.1718825506457549,
        "IAD": 0.141779527989133,
        "JFK": 0.2128744798116723,
        "LAX": 0.3784420445053651,
        "LGA": 0.1769411686668299,
        "MIA": 0.234022238298408,
        "OAK": 0.5338468382995374,
        "ORD": 0.233265228428577,
        "PHL": 0.2183891310337917,
        "SFO": 0.4206055743508982
    },
    "DEN": {
        "ATL": 0.2661739881784576,
        "BOS": 0.3089474573150966,
        "CLT": 0.2736265468379319,
        "DFW": 0.1826624060654857,
        "DTW": 0.288963202503761,
        "EWR": 0.2828827903578093,
        "IAD": 0.2725669056453121,
        "JFK": 0.3777270201385202,
        "LAX": 0.2158329844921797,
        "LGA": 0.2679742119117316,
        "MIA": 0.3309997192781902,
        "OAK": 0.326184082601242,
        "ORD": 0.2119813169896232,
        "PHL": 0.3220998036894479,
        "SFO": 0.2342663010575267
    },
    "DFW": {
        "ATL": 0.181919925835078,
        "BOS": 0.2895196903154971,
        "CLT": 0.2462680580031764,
        "DEN": 0.1863808713184824,
        "DTW": 0.2688706754749018,
        "EWR": 0.2623798906587364,
        "IAD": 0.2527903553602916,
        "JFK": 0.2888544498322435,
        "LAX": 0.2422634739441224,
        "LGA": 0.2430016164467259,
        "MIA": 0.2439787428790011,
        "OAK": 0.4506163152388375,
        "ORD": 0.253599237572676,
        "PHL": 0.2854850387511423,
        "SFO": 0.2991106502279772
    },
    "DTW": {
        "ATL": 0.2385892535060615,
        "BOS": 0.2273989020073447,
        "CLT": 0.2409799430046516,
        "DEN": 0.2997521566978091,
        "DFW": 0.272037170702614,
        "EWR": 0.2304727262701889,
        "IAD": 0.1387884750792134,
        "JFK": 0.2573301168634422,
        "LAX": 0.3696647600399126,
        "LGA": 0.1832849699936483,
        "MIA": 0.2911528608392251,
        "OAK": 0.5013307617833771,
        "ORD": 0.1177602156920945,
        "PHL": 0.2494476600077709,
        "SFO": 0.4052229805558517
    },
    "EWR": {
        "ATL": 0.1884467829001092,
        "BOS": 0.1260484192896132,
        "CLT": 0.1895969392575624,
        "DEN": 0.3037002082008865,
        "DFW": 0.2773671739990519,
        "DTW": 0.237679601673671,
        "IAD": 0.2231278352969705,
        "LAX": 0.3707229374630718,
        "LGA": 0.0839975845410628,
        "MIA": 0.2217251304141344,
        "OAK": 0.5088054222683324,
        "ORD": 0.2173617192157528,
        "PHL": 0.4661283051362577,
        "SFO": 0.3707043789208238
    },
    "IAD": {
        "ATL": 0.1446024456619042,
        "BOS": 0.2282351120117077,
        "CLT": 0.1632632646929379,
        "DEN": 0.3042841842798191,
        "DFW": 0.2749386343052635,
        "DTW": 0.1527346168649697,
        "EWR": 0.2255208145259331,
        "JFK": 0.291446802769622,
        "LAX": 0.381892944278015,
        "LGA": 0.2760623549876786,
        "MIA": 0.2986985250878113,
        "OAK": 0.5574766292520289,
        "ORD": 0.245616061391004,
        "PHL": 0.2786316591434428,
        "SFO": 0.4036749491406687
    },
    "JFK": {
        "ATL": 0.2254310033292226,
        "BOS": 0.0929612777031843,
        "CLT": 0.2206951130998216,
        "DEN": 0.3826934716389791,
        "DFW": 0.3605584451739447,
        "DTW": 0.2407203297069377,
        "IAD": 0.2804372638608987,
        "LAX": 0.3371110641097951,
        "MIA": 0.1915854611746479,
        "OAK": 0.4684585000448299,
        "ORD": 0.3159520100243362,
        "PHL": 0.2779383491479312,
        "SFO": 0.3288111186591431
    },
    "LAX": {
        "ATL": 0.3313763129501471,
        "BOS": 0.3632846559542832,
        "CLT": 0.3633360178208223,
        "DEN": 0.2243245712031384,
        "DFW": 0.2352228730348136,
        "DTW": 0.35120493767439,
        "EWR": 0.3518031394770388,
        "IAD": 0.3637731029583562,
        "JFK": 0.3256716641382,
        "LGA": 0.3907440220276943,
        "MIA": 0.3771306101032534,
        "OAK": 0.3212502145591863,
        "ORD": 0.2990498259069479,
        "PHL": 0.384326863817545,
        "SFO": 0.1070271909426291
    },
    "LGA": {
        "ATL": 0.2080011976316775,
        "BOS": 0.1170555656613712,
        "CLT": 0.1983039825072706,
        "DEN": 0.2897537302923053,
        "DFW": 0.2540578697722179,
        "DTW": 0.1961151197639705,
        "IAD": 0.2683871922735394,
        "LAX": 0.4163088006821201,
        "MIA": 0.2382220126130067,
        "OAK": 0.5909555051568659,
        "ORD": 0.1755548391316942,
        "PHL": 0.3139290019173704,
        "SFO": 0.4463728709450971
    },
    "MIA": {
        "ATL": 0.2143070927813177,
        "BOS": 0.2606732756082206,
        "CLT": 0.2444001111694773,
        "DEN": 0.34801584402724,
        "DFW": 0.2655900081351019,
        "DTW": 0.2900674450301883,
        "EWR": 0.2181084190897332,
        "IAD": 0.2907573051058882,
        "JFK": 0.1686301193093611,
        "LAX": 0.4009482590597112,
        "LGA": 0.234996333448217,
        "OAK": 0.5627973302579602,
        "ORD": 0.286795024665222,
        "PHL": 0.2700425811614083,
        "SFO": 0.4780953130456792
    },
    "OAK": {
        "ATL": 0.4706962645006669,
        "BOS": 0.527986520480632,
        "CLT": 0.5237660613017108,
        "DEN": 0.336047700370124,
        "DFW": 0.453576748209587,
        "DTW": 0.4736911622349276,
        "EWR": 0.4894474033948148,
        "IAD": 0.4851816084414986,
        "JFK": 0.443808508759253,
        "LAX": 0.3342899595739144,
        "LGA": 0.5728887729734529,
        "MIA": 0.5612286207188518,
        "ORD": 0.4133106300717064,
        "PHL": 0.5247667590623293,
        "SFO": 0.3081859794331578
    },
    "ORD": {
        "ATL": 0.2482789668489012,
        "BOS": 0.1738173132427591,
        "CLT": 0.2306994017800487,
        "DEN": 0.2109378695001766,
        "DFW": 0.2683431854105976,
        "DTW": 0.1131172477717431,
        "EWR": 0.1872124858531389,
        "IAD": 0.2379535110249152,
        "JFK": 0.2636869029419575,
        "LAX": 0.3066484179402068,
        "LGA": 0.1548077355422035,
        "MIA": 0.2616184623761247,
        "OAK": 0.4387317524157405,
        "PHL": 0.2169381796253053,
        "SFO": 0.3226036630811377
    },
    "PHL": {
        "ATL": 0.2163709033288673,
        "BOS": 0.1553161969933643,
        "CLT": 0.2238258715559938,
        "DEN": 0.3290419900182534,
        "DFW": 0.2981563632064043,
        "DTW": 0.2549204210295841,
        "EWR": 0.4411718122855133,
        "IAD": 0.2471139795176901,
        "JFK": 0.2535369305861109,
        "LAX": 0.3901201103219023,
        "LGA": 0.2987178455410034,
        "MIA": 0.2685442769753929,
        "OAK": 0.5469579849608245,
        "ORD": 0.2278312023048442,
        "SFO": 0.4411227296916844
    },